account_id,total_usage,features_used,total_errors,last_usage_date,days_since_last_usage
A-00bed1,514,32,27,2024-12-14,17
A-00cac8,602,30,31,2024-12-24,7
A-0158bb,364,19,22,2024-12-28,3
A-016043,490,26,21,2024-12-31,0
A-019782,562,28,30,2024-12-20,11
A-029f69,789,37,42,2024-12-31,0
A-02cd81,684,31,28,2024-12-26,5
A-02fac6,514,32,34,2024-12-27,4
A-034368,265,20,25,2024-12-13,18
A-0354fe,463,28,30,2024-12-31,0
A-038089,210,15,15,2024-11-28,33
A-039727,768,33,32,2024-12-22,9
A-0532a9,519,30,30,2024-12-25,6
A-054577,833,36,52,2024-12-31,0
A-05d3b3,642,32,22,2024-12-18,13
A-05f0e5,706,32,46,2024-12-30,1
A-0651a4,705,34,37,2024-12-16,15
A-068fc6,598,32,29,2024-12-29,2
A-075038,743,32,31,2024-12-21,10
A-089363,628,30,33,2024-12-05,26
A-08e34e,651,34,32,2024-12-30,1
A-09316c,566,28,31,2024-12-27,4
A-09540c,297,20,16,2024-12-02,29
A-098560,567,32,32,2024-12-22,9
A-0a282f,821,34,48,2024-12-22,9
A-0a62f5,244,20,7,2024-11-20,41
A-0aaf6e,599,25,39,2024-12-23,8
A-0b0d6d,582,32,48,2024-12-26,5
A-0baac2,202,19,9,2024-10-31,61
A-0be015,297,19,13,2024-10-23,69
A-0cc442,765,34,41,2024-12-20,11
A-0dbdc6,512,32,31,2024-12-31,0
A-0e966d,636,31,34,2024-12-14,17
A-0f3e88,598,32,28,2024-12-29,2
A-0f6450,539,31,39,2024-11-08,53
A-0f7d77,298,23,19,2024-12-30,1
A-104f1a,438,28,22,2024-12-15,16
A-10b8da,257,23,14,2024-12-23,8
A-10b8f2,560,29,23,2024-12-26,5
A-117171,208,15,11,2024-12-11,20
A-118d55,599,29,33,2024-12-30,1
A-118f1c,369,22,14,2024-10-05,87
A-13466a,205,17,14,2024-12-19,12
A-139c3b,478,27,16,2024-12-29,2
A-149a69,208,18,9,2024-08-17,136
A-151c9a,366,28,14,2024-12-29,2
A-157070,696,37,26,2024-12-28,3
A-158f4e,453,32,29,2024-11-22,39
A-1619f8,432,27,26,2024-12-07,24
A-17939a,440,25,43,2024-12-04,27
A-180abf,499,29,28,2024-12-17,14
A-186a44,614,30,25,2024-11-27,34
A-18793f,486,30,20,2024-12-12,19
A-1986ca,362,26,23,2024-11-23,38
A-19b2c8,601,31,34,2024-12-30,1
A-1ac5e0,558,31,31,2024-12-11,20
A-1b707d,399,27,12,2024-12-13,18
A-1b7577,647,33,33,2024-12-20,11
A-1b9609,457,28,21,2024-11-20,41
A-1d5444,592,28,35,2024-12-21,10
A-1e1b80,682,34,47,2024-12-18,13
A-1e50e0,194,17,15,2024-12-10,21
A-1e6fc3,244,19,19,2024-10-04,88
A-1f0636,685,32,30,2024-12-29,2
A-1f0ac7,382,26,21,2024-12-11,20
A-1f559b,400,29,27,2024-11-21,40
A-1f7acb,510,26,47,2024-12-13,18
A-202b67,447,29,40,2024-12-28,3
A-20736a,430,22,22,2024-12-29,2
A-22d9d2,782,35,43,2024-12-20,11
A-22f2df,429,25,17,2024-12-09,22
A-241e75,266,17,20,2024-12-13,18
A-2446e3,496,28,32,2024-12-24,7
A-249769,678,31,30,2024-12-30,1
A-271f46,373,25,16,2024-12-20,11
A-2789e3,680,33,45,2024-12-31,0
A-2922b6,393,27,13,2024-12-18,13
A-296d7c,357,21,18,2024-11-26,35
A-297a2d,244,23,22,2024-11-14,47
A-2b9d3e,444,26,19,2024-12-17,14
A-2bc93d,666,33,31,2024-12-07,24
A-2d1036,692,31,40,2024-12-30,1
A-2d4502,465,29,19,2024-12-07,24
A-2e3bad,435,25,26,2024-11-12,49
A-2e4581,535,27,38,2024-12-10,21
A-2ebb4b,488,27,33,2024-12-15,16
A-2edab2,487,28,26,2024-12-22,9
A-2f6a32,654,32,46,2024-12-27,4
A-309e54,509,28,24,2024-12-17,14
A-30b4ca,402,28,22,2024-12-22,9
A-310452,268,20,16,2024-11-25,36
A-313be3,560,33,40,2024-12-19,12
A-31ab9a,340,19,23,2024-12-01,30
A-32728c,418,26,22,2024-12-14,17
A-328bd0,568,30,49,2024-12-24,7
A-32fb14,488,27,19,2024-12-25,6
A-331424,214,17,9,2024-12-02,29
A-337bc1,425,27,34,2024-12-05,26
A-342303,141,12,5,2024-11-26,35
A-34d880,474,29,40,2024-12-13,18
A-34ea2f,550,29,30,2024-12-27,4
A-35083d,791,29,37,2024-12-29,2
A-354f12,158,14,3,2024-12-16,15
A-378b99,565,33,38,2024-12-31,0
A-3793ee,352,25,11,2024-12-19,12
A-37f969,312,25,14,2024-12-25,6
A-3932db,434,28,28,2024-12-21,10
A-396e5f,540,29,23,2024-12-25,6
A-39868b,305,22,21,2024-12-14,17
A-39b19f,530,30,37,2024-10-14,78
A-39ddf4,455,27,36,2024-12-15,16
A-3a5ad8,506,27,23,2024-12-15,16
A-3a7284,609,33,30,2024-12-22,9
A-3b37d9,451,26,21,2024-12-14,17
A-3b5cd1,523,27,24,2024-12-21,10
A-3be56b,528,28,33,2024-12-29,2
A-3c1a3f,497,31,22,2024-12-20,11
A-3cc791,447,28,30,2024-11-25,36
A-3ce5b8,509,29,29,2024-12-15,16
A-3d957b,143,13,13,2024-10-20,72
A-3f9cc0,407,25,24,2024-12-20,11
A-40906c,685,32,32,2024-12-03,28
A-40a557,402,25,17,2024-12-26,5
A-40de06,902,37,43,2024-12-17,14
A-410e86,292,22,21,2024-12-27,4
A-417d2f,722,37,31,2024-12-11,20
A-425e76,438,29,24,2024-12-21,10
A-427b69,698,32,36,2024-12-27,4
A-42b791,312,19,6,2024-12-20,11
A-42e5e1,411,24,41,2024-12-26,5
A-432483,451,25,28,2024-12-12,19
A-439b2f,171,14,5,2024-12-29,2
A-43a9e3,355,23,14,2024-12-29,2
A-4437e4,806,37,43,2024-12-10,21
A-443b7c,618,28,29,2024-12-27,4
A-443f6f,527,31,28,2024-12-26,5
A-44dc83,248,16,13,2024-10-09,83
A-45ce7a,424,21,30,2024-12-24,7
A-462d45,642,34,26,2024-12-16,15
A-463db0,367,25,13,2024-12-27,4
A-474ad4,605,34,45,2024-12-11,20
A-4814a3,587,35,45,2024-12-23,8
A-484819,336,22,20,2024-12-21,10
A-49b828,687,29,45,2024-12-21,10
A-4a267b,498,31,22,2024-11-25,36
A-4a4c2d,587,28,37,2024-12-28,3
A-4ae22a,369,24,31,2024-12-28,3
A-4bfa33,329,23,17,2024-12-26,5
A-4c38bc,818,37,27,2024-12-29,2
A-4c56c9,623,34,38,2024-12-08,23
A-4c6f11,268,20,4,2024-12-23,8
A-4d1e75,477,28,25,2024-12-15,16
A-4e0e85,288,20,9,2024-12-28,3
A-4e44e8,687,32,37,2024-11-24,37
A-4e631b,502,32,29,2024-12-19,12
A-4e960a,512,29,21,2024-12-28,3
A-4ef964,487,31,33,2024-12-23,8
A-4f18f0,544,33,25,2024-12-22,9
A-503d5a,605,34,32,2024-12-15,16
A-508199,231,16,15,2024-11-23,38
A-50bb9f,276,18,15,2024-12-23,8
A-50f3f7,685,30,45,2024-12-28,3
A-51ec1b,283,19,12,2024-10-22,70
A-524364,237,18,24,2024-09-23,99
A-5247b3,610,32,29,2024-12-06,25
A-526d93,565,28,45,2024-12-22,9
A-52dd88,516,28,33,2024-11-22,39
A-533452,595,32,44,2024-12-15,16
A-53f4e3,410,29,45,2024-12-20,11
A-544d0a,510,27,22,2024-12-18,13
A-54d94a,582,30,28,2024-12-30,1
A-54ecc2,607,28,39,2024-12-09,22
A-558c72,296,19,16,2024-12-14,17
A-55f257,476,31,25,2024-12-31,0
A-560d27,587,27,38,2024-10-28,64
A-56962b,271,16,25,2024-11-20,41
A-5790f4,321,25,26,2024-12-09,22
A-58b9ff,667,28,32,2024-12-19,12
A-592832,1053,38,55,2024-12-30,1
A-59f724,696,33,47,2024-12-07,24
A-5a184f,587,30,29,2024-12-10,21
A-5a215a,807,32,71,2024-12-24,7
A-5a3eb9,722,34,34,2024-12-11,20
A-5a92e7,885,37,76,2024-12-24,7
A-5b051a,171,14,17,2024-12-07,24
A-5b1bcd,869,34,54,2024-12-31,0
A-5b4ebb,692,34,25,2024-12-25,6
A-5c046d,475,27,23,2024-12-17,14
A-5c9849,473,30,23,2024-12-18,13
A-5ed98d,312,23,18,2024-12-15,16
A-5f2961,348,22,19,2024-11-04,57
A-5f7781,183,16,10,2024-12-25,6
A-5fe118,233,14,12,2024-12-19,12
A-600734,660,33,30,2024-12-26,5
A-625d0b,529,32,38,2024-12-09,22
A-659280,613,30,34,2024-12-24,7
A-65a46c,370,24,21,2024-12-26,5
A-65aeb5,533,30,40,2024-12-11,20
A-65c341,410,25,18,2024-12-25,6
A-66224b,626,34,29,2024-12-04,27
A-671f31,167,13,16,2024-12-25,6
A-67be94,416,26,17,2024-12-18,13
A-684255,653,34,44,2024-12-08,23
A-6843f2,481,24,17,2024-11-26,35
A-68f37c,624,30,40,2024-12-16,15
A-692f18,871,36,55,2024-12-23,8
A-6965e1,627,27,29,2024-12-28,3
A-69b156,360,24,20,2024-12-12,19
A-69fad4,412,24,24,2024-12-15,16
A-6a4e2d,597,27,31,2024-12-24,7
A-6a7c9d,189,15,6,2024-12-18,13
A-6c093d,670,30,30,2024-12-30,1
A-6da850,714,30,54,2024-12-27,4
A-6dee43,461,28,11,2024-11-18,43
A-6e08f3,492,28,21,2024-12-28,3
A-6e7827,419,24,31,2024-12-21,10
A-6f50ae,811,35,48,2024-12-22,9
A-6f8ad2,924,38,59,2024-12-31,0
A-700ade,284,20,18,2024-10-12,80
A-702032,285,19,15,2024-12-02,29
A-712426,696,32,31,2024-12-27,4
A-712533,571,32,35,2024-12-12,19
A-712f1c,631,32,34,2024-12-29,2
A-71615e,620,29,41,2024-12-22,9
A-716841,344,26,13,2024-12-20,11
A-726cfa,993,40,45,2024-12-26,5
A-72799b,550,31,34,2024-12-27,4
A-751bd4,92,9,0,2024-12-18,13
A-751c58,574,31,12,2024-12-29,2
A-756192,617,32,43,2024-12-29,2
A-7641d3,519,28,26,2024-12-24,7
A-76fa4d,357,21,21,2024-12-03,28
A-779e4e,393,28,20,2024-12-20,11
A-781cc0,864,31,42,2024-12-30,1
A-78f02b,211,17,16,2024-11-29,32
A-7920cc,601,32,28,2024-12-20,11
A-794a0b,347,28,31,2024-12-20,11
A-7988d1,449,31,28,2024-12-23,8
A-798a3f,352,19,19,2024-12-01,30
A-7a0d69,606,31,31,2024-12-23,8
A-7c4956,475,27,40,2024-12-26,5
A-7c5768,461,27,31,2024-12-02,29
A-7c6b6b,311,22,24,2024-12-07,24
A-7c83a1,632,29,23,2024-12-31,0
A-7cfe77,205,16,11,2024-12-31,0
A-7d514c,502,30,30,2024-12-11,20
A-7da956,543,28,35,2024-12-22,9
A-7dacce,472,27,29,2024-12-29,2
A-7df7a7,922,36,47,2024-12-19,12
A-7e0a10,511,34,35,2024-12-14,17
A-7f29a7,619,32,38,2024-12-14,17
A-7f4db3,844,36,46,2024-12-20,11
A-7f6b86,420,27,14,2024-12-26,5
A-7f8241,734,34,38,2024-12-21,10
A-80eeb6,725,38,43,2024-12-23,8
A-812c5b,866,33,46,2024-12-28,3
A-8145a0,693,32,27,2024-12-26,5
A-81edc3,765,33,41,2024-12-29,2
A-82861f,462,28,43,2024-12-06,25
A-82d8a6,661,32,38,2024-12-17,14
A-832ec2,511,31,25,2024-12-23,8
A-84ebe4,396,27,26,2024-12-16,15
A-854864,248,17,10,2024-12-15,16
A-855a48,448,26,16,2024-11-19,42
A-856b1e,230,17,24,2024-12-07,24
A-86902e,628,32,36,2024-12-12,19
A-86cdb4,492,27,24,2024-12-08,23
A-86fc1d,363,26,26,2024-12-30,1
A-87aa7b,742,31,35,2024-12-26,5
A-883b7d,644,35,40,2024-12-30,1
A-88c6ca,446,27,19,2024-12-27,4
A-89ee83,565,28,26,2024-12-17,14
A-8adedc,583,32,33,2024-12-31,0
A-8ae05d,203,16,10,2024-12-24,7
A-8ae3fc,402,26,30,2024-12-24,7
A-8b0451,606,32,45,2024-12-31,0
A-8b25f2,565,29,20,2024-12-27,4
A-8bde0c,773,34,43,2024-12-06,25
A-8e47ca,441,29,35,2024-12-04,27
A-8ed5dd,545,29,45,2024-12-19,12
A-902ef7,414,31,24,2024-10-21,71
A-9077b0,493,26,31,2024-11-18,43
A-90a8c8,404,23,20,2024-12-27,4
A-9123ac,386,28,24,2024-12-19,12
A-9174e0,689,34,61,2024-12-29,2
A-91e948,404,23,16,2024-12-26,5
A-9208f0,538,29,31,2024-12-11,20
A-922109,819,35,34,2024-12-21,10
A-9289f6,642,33,38,2024-11-29,32
A-92a333,364,22,30,2024-12-20,11
A-92a3af,714,35,55,2024-12-18,13
A-940b8b,362,23,32,2024-10-28,64
A-94c3cd,306,18,18,2024-12-11,20
A-94d3da,464,29,25,2024-12-19,12
A-94f8c9,746,33,63,2024-12-03,28
A-956988,658,32,49,2024-12-24,7
A-95b24a,611,32,34,2024-12-31,0
A-96215d,347,20,21,2024-12-06,25
A-96bbc6,482,30,25,2024-12-26,5
A-96e141,346,26,19,2024-12-17,14
A-970c97,444,26,24,2024-12-30,1
A-9779ad,413,29,25,2024-12-20,11
A-977ca0,893,38,46,2024-12-24,7
A-98a59a,455,27,21,2024-12-31,0
A-993085,665,33,50,2024-12-20,11
A-9a532a,185,16,15,2024-10-21,71
A-9affe6,473,26,16,2024-12-31,0
A-9b9fe9,597,30,22,2024-12-15,16
A-9badbd,729,33,45,2024-12-25,6
A-9bfc9f,376,23,18,2024-12-08,23
A-9c18c4,556,30,37,2024-12-13,18
A-9ee962,439,25,17,2024-12-25,6
A-9f0b68,709,36,33,2024-12-27,4
A-9f2731,324,23,20,2024-12-19,12
A-9f9299,830,37,54,2024-12-26,5
A-a09355,788,33,47,2024-12-31,0
A-a0ca4e,373,26,14,2024-12-17,14
A-a1b80b,749,33,48,2024-12-27,4
A-a1bbb6,366,23,20,2024-12-30,1
A-a2485e,317,22,13,2024-11-27,34
A-a33200,517,33,26,2024-12-11,20
A-a45270,733,35,53,2024-12-25,6
A-a6d261,627,36,29,2024-12-30,1
A-a7bd4b,576,29,37,2024-12-28,3
A-a865bd,230,19,13,2024-12-18,13
A-a8b49c,545,27,43,2024-12-25,6
A-a8d89d,551,32,26,2024-12-10,21
A-aa9511,625,33,35,2024-12-31,0
A-ab438f,369,25,12,2024-12-25,6
A-ac14bb,531,31,42,2024-12-18,13
A-ac85cd,634,30,29,2024-11-27,34
A-ac9111,808,36,46,2024-12-27,4
A-acb7f7,612,33,36,2024-12-29,2
A-ad296b,294,24,12,2024-12-14,17
A-ad3abd,296,20,11,2024-11-21,40
A-ad64c6,215,16,18,2024-11-11,50
A-adc1f3,334,24,26,2024-12-22,9
A-ae052e,300,24,12,2024-12-01,30
A-af0cd2,687,31,33,2024-12-19,12
A-afa505,507,33,28,2024-12-30,1
A-b07346,326,23,22,2024-12-12,19
A-b07b56,633,32,39,2024-12-29,2
A-b11cd0,278,21,16,2024-12-21,10
A-b179bf,398,23,18,2024-12-17,14
A-b20d99,329,22,12,2024-09-23,99
A-b2225d,696,34,60,2024-12-08,23
A-b2af2e,174,14,11,2024-11-11,50
A-b30291,519,26,31,2024-12-17,14
A-b3fe05,438,29,18,2024-12-29,2
A-b44e3e,387,20,13,2024-11-29,32
A-b48f73,412,24,23,2024-11-25,36
A-b54c01,226,15,17,2024-10-05,87
A-b7724f,380,28,16,2024-12-08,23
A-b78bf8,421,24,11,2024-12-06,25
A-b7b7b7,571,31,26,2024-12-12,19
A-b7ef83,738,34,39,2024-12-25,6
A-b9eed8,623,29,55,2024-12-30,1
A-b9f5b1,307,21,12,2024-11-29,32
A-ba6516,642,31,32,2024-12-19,12
A-bad8c1,385,29,11,2024-12-24,7
A-bb1486,405,24,36,2024-12-09,22
A-bb1eaa,164,15,7,2024-11-16,45
A-bb2f49,618,31,42,2024-12-30,1
A-bb3bd4,315,18,11,2024-12-12,19
A-bbc346,650,34,37,2024-12-23,8
A-bbe56f,232,13,8,2024-12-02,29
A-bc4d48,321,24,9,2024-12-23,8
A-bc87bc,394,24,14,2024-12-21,10
A-bcbe98,635,34,43,2024-12-14,17
A-bcf664,575,31,28,2024-12-24,7
A-bcf87c,503,26,19,2024-12-14,17
A-bd4513,507,28,34,2024-12-29,2
A-bd4708,653,33,30,2024-12-30,1
A-bece89,176,16,13,2024-12-28,3
A-bf7919,262,23,14,2024-11-22,39
A-c16101,561,31,29,2024-12-20,11
A-c16b88,457,28,24,2024-11-19,42
A-c16cf7,577,33,26,2024-12-28,3
A-c1dfe1,375,24,30,2024-12-23,8
A-c1e51e,518,28,36,2024-12-25,6
A-c222ab,435,27,33,2024-12-29,2
A-c37601,489,28,21,2024-12-07,24
A-c37cab,708,32,40,2024-12-30,1
A-c42f1f,337,24,20,2024-10-30,62
A-c43359,461,28,32,2024-12-29,2
A-c45b23,581,32,30,2024-12-23,8
A-c4ea60,427,28,18,2024-12-11,20
A-c58f49,363,24,22,2024-12-09,22
A-c608c8,445,29,27,2024-12-31,0
A-c62e55,337,24,13,2024-12-12,19
A-c70870,334,23,18,2024-12-31,0
A-c7e58b,343,22,18,2024-11-19,42
A-c7ffc2,640,30,28,2024-12-30,1
A-c9bb3e,474,27,20,2024-11-01,60
A-cab532,1005,38,47,2024-12-30,1
A-cb5333,796,36,34,2024-12-21,10
A-cb6cc6,314,21,26,2024-12-21,10
A-cbbe12,178,14,10,2024-12-02,29
A-cbd1a3,465,29,32,2024-12-21,10
A-cc102e,394,26,39,2024-12-28,3
A-cc1d8d,618,33,48,2024-12-15,16
A-cc8c8f,268,20,18,2024-11-21,40
A-cc98bc,551,29,24,2024-12-24,7
A-ccabf0,506,31,29,2024-12-30,1
A-ccb686,721,35,46,2024-12-28,3
A-ccc747,284,23,13,2024-12-08,23
A-cd458b,864,34,45,2024-12-31,0
A-cdf020,379,25,18,2024-11-25,36
A-ce550d,579,32,31,2024-12-23,8
A-ce66f8,494,29,19,2024-12-31,0
A-cea1f0,586,28,28,2024-12-23,8
A-ced9aa,531,33,39,2024-12-06,25
A-d26ab4,458,24,24,2024-12-09,22
A-d27f50,481,29,31,2024-12-19,12
A-d3c88e,644,33,48,2024-12-21,10
A-d40bf7,562,29,22,2024-11-21,40
A-d42431,457,26,34,2024-12-06,25
A-d49cc5,436,27,34,2024-12-28,3
A-d4ac0e,793,38,53,2024-12-26,5
A-d4e0d4,488,30,33,2024-12-04,27
A-d535f6,477,26,29,2024-12-25,6
A-d5a319,604,32,43,2024-12-20,11
A-d62e02,344,25,23,2024-12-22,9
A-d77f4c,617,31,32,2024-12-20,11
A-d792a6,690,32,40,2024-12-31,0
A-d82ef9,679,32,46,2024-12-29,2
A-d922bf,419,24,19,2024-12-21,10
A-db5e9e,586,29,27,2024-12-31,0
A-dbc825,730,34,58,2024-12-30,1
A-dcc2f0,833,35,26,2024-12-26,5
A-dcc3f1,500,31,32,2024-12-24,7
A-de24d5,537,29,28,2024-11-22,39
A-de58ca,505,28,33,2024-12-21,10
A-dec005,475,31,44,2024-12-27,4
A-df10db,697,31,40,2024-12-24,7
A-df1e44,420,25,14,2024-12-09,22
A-dfbd31,599,27,19,2024-12-14,17
A-e08cd3,432,30,21,2024-12-30,1
A-e1462e,347,26,22,2024-11-10,51
A-e19ff6,456,26,24,2024-12-16,15
A-e1b9cd,840,34,47,2024-12-12,19
A-e2cd1b,465,29,18,2024-12-25,6
A-e351e1,295,18,22,2024-12-14,17
A-e36807,446,27,27,2024-12-29,2
A-e3bd71,638,32,27,2024-12-20,11
A-e40f45,401,29,26,2024-12-29,2
A-e4144b,439,26,21,2024-12-23,8
A-e43bf7,371,26,35,2024-12-08,23
A-e4bf56,339,25,10,2024-12-23,8
A-e51ec7,417,26,18,2024-12-05,26
A-e5d6ab,382,29,23,2024-12-02,29
A-e60f9d,629,30,24,2024-10-29,63
A-e61e98,527,32,25,2024-12-27,4
A-e693b6,681,31,25,2024-12-31,0
A-e6afc1,679,32,30,2024-12-16,15
A-e7a1e2,703,36,36,2024-12-21,10
A-e7beab,373,22,17,2024-10-13,79
A-e83938,266,22,18,2024-12-15,16
A-e888d1,552,31,36,2024-12-19,12
A-e89151,601,30,29,2024-12-30,1
A-e98302,273,21,18,2024-12-12,19
A-eafc6e,300,23,15,2024-11-30,31
A-eb1312,663,31,38,2024-12-18,13
A-eb2fdc,547,29,17,2024-11-29,32
A-eb7c38,693,33,27,2024-12-15,16
A-eb7fac,538,27,44,2024-12-19,12
A-ed510f,493,27,28,2024-12-17,14
A-ee42db,511,31,33,2024-12-26,5
A-ef84cf,309,21,11,2024-12-31,0
A-f03140,595,32,22,2024-12-30,1
A-f17767,713,35,38,2024-12-25,6
A-f19409,659,33,31,2024-12-27,4
A-f19b24,119,12,10,2024-11-03,58
A-f1f639,139,12,10,2024-12-20,11
A-f25509,229,17,15,2024-12-28,3
A-f3ff05,672,28,36,2024-12-31,0
A-f44180,520,27,22,2024-12-15,16
A-f446b6,376,27,31,2024-12-14,17
A-f45426,624,33,49,2024-12-26,5
A-f51f16,384,25,28,2024-12-08,23
A-f5641b,438,27,18,2024-12-11,20
A-f6b2fb,524,29,37,2024-12-24,7
A-f92792,528,32,31,2024-12-27,4
A-f97b9a,561,29,33,2024-12-29,2
A-f9cc74,484,30,22,2024-12-31,0
A-fa2041,552,34,34,2024-12-26,5
A-fa3095,600,31,42,2024-12-15,16
A-faa28c,585,25,24,2024-12-28,3
A-fabe19,337,20,16,2024-12-25,6
A-fb186e,207,15,7,2024-10-28,64
A-fce879,299,25,14,2024-11-30,31
A-fd7ad3,567,31,42,2024-11-25,36
A-fd9422,456,27,21,2024-12-30,1
A-fda07f,681,31,39,2024-12-31,0
A-fdfc91,564,32,29,2024-11-19,42
A-fe79a5,335,22,17,2024-12-08,23
A-ff3c73,408,29,23,2024-12-28,3
A-ff79f2,393,24,12,2024-11-22,39
A-ffc04f,857,37,64,2024-12-09,22
A-ffdfd5,529,29,28,2024-12-21,10
